Hotel Carlton Hotel Bangkok Sukhumvit,5.719
Hotel Royal Orchid Sheraton Hotel and Towers,5.267
Hotel Millennium Hilton Bangkok,5.106
Hotel Chatrium Hotel Riverside Bangkok,5.103
Hotel Bangkok Marriott Hotel Sukhumvit,5.0165
Hotel Centre Point Sukhumvit 10,5.0125
Hotel Evergreen Place Siam by UHG,4.927
Hotel lebua at State Tower (The Worldâ€™s First Vertical Destination),4.927
Hotel Novotel Bangkok Platinum Pratunam - SHA Certified,4.927
Hotel Novotel Bangkok Sukhumvit 20 - SHA Certified,4.927
