Hotels,Ratings
"Hotel Mandarin Oriental, Kuala Lumpur",9.1
Hotel Grand Hyatt Kuala Lumpur,9.1
Hotel Traders Hotel Kuala Lumpur,8.8
"Hotel The Majestic Hotel Kuala Lumpur, Autograph Collection",8.9
Hotel Pullman Kuala Lumpur City Centre Hotel & Residences,8.6
Hotel DoubleTree By Hilton Kuala Lumpur,8.3
Hotel Dorsett Kuala Lumpur,7.9
Hotel Hilton Kuala Lumpur,8.8
"Hotel The Ritz-Carlton, Kuala Lumpur",8.7
Condo Hotel THE FACE Suites,8.6
Hotel Hilton Garden Inn Kuala Lumpur - South,8.2
"Hotel Berjaya Times Square Hotel, Kuala Lumpur",7.7
Hotel Dorsett Hartamas Kuala Lumpur,7.9
Hotel Shangri-La Hotel Kuala Lumpur,9
Hotel Komune Living,8.2
Hotel Le MÃ©ridien Kuala Lumpur,9.1
Apartments Ascott Kuala Lumpur,8.7
Hotel Alila Bangsar Kuala Lumpur,8.9
Apartments Somerset Kuala Lumpur,8.7
Apartments Expressionz Professional Suites by MyKey Global,7.7
